start	end	text
0	5080	Welcome to our deep dive where we take a stack of you know incredibly dense frankly intimidating
5080	11180	research and try to pull out the ultimate cheat code to understanding reality. Yeah that's the
11180	18320	goal anyway. Right so imagine pointing a telescope at the deepest darkest reaches of space. You're
18320	25560	looking for the dawn of the universe, the first stars, the origins of basically everything and
25560	30360	while you're digging through that cosmic data you accidentally uncover the exact mathematical
30360	35600	blueprint for human consciousness. Which is already wild. It's totally wild but then if that wasn't
35600	42760	strange enough you realize that same exact blueprint perfectly describes the rigid agonizing bureaucracies
42760	48040	of like human societies. I mean it genuinely sounds like the setup to a high concept science fiction
48040	53640	novel. Yeah it really does. Finding the governing equation for a primordial galaxy and then realizing
53640	58860	is literally the exact same equation that dictates why a mid-level corporate management meeting feels
58860	63960	so you know soul-crushing. We've all been there. Right but when you look at the underlying structures
63960	70940	presented in these papers the math doesn't flinch. It connects them perfectly. So today we are taking
70940	76660	a deep dive into an astounding collection of monographs and presentations by an independent
76660	83420	researcher known as Flyxion. These were published in April and May of 2026. Yes just recently. And these
83420	90580	sources span advanced category theory, astrophysics, and cognitive science. And they propose this
90580	97120	radical unified theory known as the RSVP plenum. And our goal today isn't just to talk about abstract
97120	103160	equations on a whiteboard right? We are going to explore how the literal loss of information
103160	109080	physically structures reality. Which is a huge concept. It is. We'll look at a tiny cosmic fossil,
109080	114680	decode why you can never truly reconstruct the past, and uncover the mathematical failure modes
114680	118900	of your own brain. Okay let's unpack this because you listening to this you might think physics,
119140	122880	psychology, and sociology operate on totally different planes. Yeah they usually do. They
122880	126840	have different vocabularies, different experts, different textbooks. But what if they are literally
126840	132380	the same geometric engine? That's the core question here. So to understand theory of everything we have
132380	138660	to start with something incredibly specific and incredibly far away. A tiny faint galaxy called
138660	145200	LAP-1b. LAP-1b is just a phenomenal starting point. To give you some context, we are talking
145200	150800	about data gathered from the James Webb Space Telescope's spectroscopy. The JWST. Right. We're
150800	156200	looking at an ultra faint galaxy at a redshift of roughly 6.6. Okay wait let's translate that redshift
156200	161540	for a second. When we say 6.6 we are looking back in time. Far back. I mean in cosmological terms
161540	168480	that places LAP-1b about 800 million years after the Big Bang. Oh wow. So it's ancient? It's
168480	172860	squarely in the era of re-ionization. That's a period when the universe was basically just waking
172860	178180	up emerging from the cosmic dark ages. The very first stars were beginning to burn away the fog
178180	184200	of neutral hydrogen. So it's as primitive as it gets. Exactly. And what the JWST found when it looked
184200	191080	at LAP-1b broke a lot of foundational assumptions. Yeah the sources say its oxygen abundance is staggeringly
191080	198480	low. Specifically 4.2 plus or minus 1.8 times 10 to the negative third solar. Which sounds like a
198480	203740	mouthful. But to put that in perspective that is a fraction of a single percent of our own sun's
203740	209460	metallicity. Yeah it completely shatters the previously assumed 2 percent metallicity floor
209460	214180	for these early objects. We thought things had to have at least a certain amount of heavy elements
214180	220020	by that point. Right. Astronomers call anything heavier than hydrogen and helium a metal. So finding
220020	224540	something with almost zero metals is a huge deal. And the mass of this thing is even weirder.
225040	232440	The stellar mass-like, the actual glowing stars we can account for, is under 3,300 solar masses. Which
232440	238000	is tiny. But its dynamical mass, how it's actually behaving gravitationally and pulling on the space
238000	244720	around it, is around 10 million solar masses. That disparity is massive. I mean the luminous matter,
244720	250360	those 3,300 solar masses of stars make up a tiny fraction of the system. Less than one percent.
250360	255240	So what's the rest of it? Well the rest is an unobserved organizing structure. What standard
255240	261480	cosmology would usually just wave away is a dark matter halo. But what makes LAP-1b so critical
261480	269700	for Flyxion's RSVP theory isn't just that it's old or small or heavy in the dark. It's that it is what
269700	275840	the monographs call a least overwritten system. A least overwritten system. Okay. To understand
275840	282400	why that matters, we need to completely rethink how we view the chemical evolution of galaxies.
282620	286240	Because we normally think of it as building up, right? Right. The standard models we teach in
286240	292240	universities treat galactic history as an evolution. A gradual building up of complexity. You start with
292240	297460	hydrogen and helium. Stars forge heavier elements. They explode. And then the next generation uses those
297460	302920	elements and so on. Exactly. But Flyxion argues evolution is the wrong word entirely. Yeah. It is
302920	307400	more accurately described as chemical averaging. Chemical averaging. Okay. Let me try an analogy to
307400	313140	see if I'm tracking this. Go for it. If you drop a single bit of bright red paint into a clear glass of
313140	319180	water, you can see its exact shape as it unfurls. It has distinct boundaries, a specific trajectory.
319180	325960	It's unique. But if you keep adding more colors, blue, yellow, green, purple, and you keep stirring the
325960	330720	glass, it just turns into a murky brown sludge. A perfect way to put it. You can look at that brown
330720	336520	water all day, but you can never, ever reconstruct the individual drops that went into it. The history
336520	345200	is gone. So LAP1B is the undisturbed red drop. That is a remarkably precise analogy. And it captures
345200	350360	the tragedy of astronomical observation, really. Every successive generation of star formation,
350360	356440	every supernova explosion. Every time galaxies collide. Exactly. Every time two galaxies merge, they stir the
356440	360880	cosmic pot, they inject new metals, they dilute the old ones, and they spread everything around through
360880	366620	turbulence. So the history gets lost. The specific distinct history of earlier events gets completely
366620	372960	overwritten. So a mature galaxy like our own Milky Way is basically that glass of murky brown water.
372960	379180	Precisely. The Milky Way has high chemical complexity. It has all the elements on the periodic table in
379180	384320	abundance, but it has incredibly low historical resolution. Oh, I like that term, historical
384320	390460	resolution. You cannot look at the current chemical state of our solar neighborhood and untangle the
390460	397320	specific sequence of individual nucleosynthetic episodes. You can't see the specific ancient supernovae
397320	402380	that created it. Because they're all mixed together. Right. So the principle of least overwritten systems
402380	407460	states that information privilege belongs to systems that have undergone the fewest averaging
407460	413500	operations. Which means it's not just about how old something is. No, not at all. Because a young,
413720	420560	massive, highly active galaxy might be totally overwritten in just a few million years. While a very old,
420560	427940	but isolated, low mass system preserves its original event log perfectly. And LAP-1b is the ultimate
427940	433960	preserved event log. It has a very specific, weird signature in its chemistry. It has an elevated
433960	438040	carbon to oxygen ratio. Which makes no sense initially. I mean, why would it have high carbon
438040	443700	but practically no oxygen? That specific chemical signature brings us to the ghost of faint population
443700	449160	3's supernovae. Okay. Population 3 stars being the hypothetical very first stars in the universe,
449160	454080	made of pure hydrogen and helium. Exactly. They were massive, short-lived,
454080	460420	and when they died, they seeded the universe with the first heavy metals. Through supernovae. Right.
460860	467160	Now, in typical highly energetic supernovae that we see today, both carbon and oxygen are blasted
467160	472900	outward into space with immense force. Both of them are formed in the layers of the star's core.
473100	479020	So they both get spread around. Usually, yes. But Flyxion's analysis points to faint pop-thread
479020	485380	events. In these specific early stars, the explosion energy was simply too low to overcome
485380	490740	the massive gravitational binding energy of the star's dense inner core. So the explosion happens,
490980	495300	but it's not strong enough to push everything out. Right. So you get a phenomenon called gravitational
495300	501840	fallback. The heavier, oxygen-rich inner layers of the star couldn't achieve escape velocity. They just
501840	506080	fell back in. They fell back inward into the central remnant, collapsing into a black hole.
506080	511480	Meanwhile, the lighter, carbon-rich outer layers, which were further from the center of gravity,
511920	516240	were just barely able to escape into the surrounding gas. Oh, wow. It's quite literally
516240	522340	an event log written in matter. It really is. It records a specific physical dynamical asymmetry.
523160	527740	The oxygen was locked away in a black hole, refused the right to propagate into the future,
527980	533640	and the carbon was allowed to escape. Yes. And because this tiny galaxy has experienced almost
533640	540160	zero subsequent star formation to stir the pot and overwrite that event, we can still read the log
540160	547260	800 million years later. Yes. And that is a profound shift in perspective. The chemical abundance you
547260	551720	measure with a telescope isn't just a list of ingredients in a cosmic recipe. Right. It's a
551720	557000	history book. It's a physical record of constraints. It tells you which propagation channels were open and
557000	563200	which were closed during the earliest moments of structure formation. It is a preserved enrichment
563200	568640	manifold. Okay, but here is the massive catch. Based on everything we know about telescopes and light,
568840	574200	how did we even see LAP-1B? Yeah, that is the million-dollar question. Right. A galaxy with only
574200	580460	3300 solar masses of actual stars located near the dawn of time should be completely invisible to us.
580460	586300	Even for JWST, which is the most powerful eye we've ever built, it should be a ghost. It should be
586300	592860	completely undetectable. Its intrinsic luminosity is orders of magnitude below any baseline detection
592860	599020	threshold. So how did they find it? The only reason we observed LAP-1B is because its line of sight to
599020	608020	Earth happened to pass directly behind a massive foreground galaxy cluster known as MACS, J0412.12403.
608020	614200	Ah, gravitational lensing. Yes. That massive foreground cluster warped the fabric of space-time
614200	619660	around it, acting as an immense natural magnifying glass. Wow. It bent and focused the faint light
619660	625880	from LAP-1B, amplifying its flux by a factor of about 100. It effectively bumped its brightness up by
625880	631600	five astronomical magnitudes, pulling it just over the threshold of visibility. So wait, are we saying
631600	636300	the most informative objects in the universe are naturally the most invisible? That is the cruel irony
636300	640700	of astrophysics, and it is a core tenet of afflictions theory, which he calls mediated
640700	645820	extraction. Mediated extraction. Yeah. The very properties that make a system informationally
645820	651160	rich, its low mass, its lack of chemical processing, and zero energetic feedback, are the exact same
651160	655180	properties that guarantee it will be incredibly faint. That makes so much sense. The most primitive
655180	661760	systems, the ones holding the actual secrets of the universe, are maximally preserved, but maximally
661760	667500	inaccessible. The undisturbed drops of red paint are hidden in the dark. We can only see the brown
667500	673040	sludge because the brown sludge is loud and bright and full of exploding stars. And that highlights a
673040	678260	massive structural bias in our scientific observational surveys. We systematically favor
678260	683040	overwritten systems simply because they are bright enough to trigger our sensors. Because they're the
683040	688700	only ones we can see. Right. So the gravitational lens, in Flyxion's framework, isn't just a lucky
688700	695060	coincidence. It acts as what the paper calls a physical sparse inference operator. Meaning what,
695220	701000	exactly? It means the lens is a mandatory geometric mediator. Without that massive cluster acting as a
701000	708220	magnifying glass, the data from LAP-1b would be permanently physically lost to us. So we physically
708220	713600	need the universe to bend light for us to learn anything useful. Exactly. This implies that the population
713600	719780	of chemically primitive micro galaxies, these crucial cosmic event logs, is likely astronomically larger
719780	724280	than our models suggest. They're just hiding. They are out there. They are just sitting below our
724280	728960	observational threshold, waiting for a massive geometric mediator to bring them into the light.
729360	736880	Okay. So we've seen how LAP-1b's specific physical geometry filtered what elements survived into the
736880	743180	future. The oxygen falling back, the carbon escaping. Right. And we saw how a geometric mediator, that
743180	748700	gravitational lens, was required to extract that information for us to see. But this is where the
748700	753580	Flyxion monographs take a massive leap. This is the real turn. Yeah. The author argues that this
753580	760200	filtering and extraction isn't just a quirk of astronomy. It is one localized instance of a universal
760200	766520	master engine. This is the absolute core of the monographs. Flyxion proposes that everything from the
766520	773060	galaxy to the brain to society is governed by the relativistic scalar vector plenum, or RSVP for
773060	778820	short. The RSVP plenum. It's a radical unified field theory that models systems as a continuous
778820	784140	medium defined by three coupled partial differential equations. This is the math blueprint. Let's break
784140	789600	down this RSVP architecture because it's wild. Let's do it. Flyxion outlines a three-layer model of
789600	795840	reality. At the bottom, we have the continuous field space, which is denoted as X. Right. Then sitting
795840	801540	above that is the history-sensitive state space, denoted as H. And finally, the top layer is the
801540	807120	observable space, denoted as O, which is the stuff we actually interact with. Exactly. Let's focus on
807120	812320	that bottom layer. What's actually happening in the continuous fluid of reality? The continuous field
812320	819420	space X is composed of three interacting fields. It's helpful to visualize it as a fluid dynamic system.
819420	824720	Okay. Fluid dynamics. Got it. First, you have the scalar potential, denoted by the Greek letter phi.
825220	830720	You can think of phi as representing density. In physics, it's mass. Okay. In other domains,
830840	836620	it might be meaning density or structural coherence. It's the stuff that accumulates. Okay. So phi is the
836620	842780	stuff. Second, you have the vector flow, denoted by a lowercase v. Yeah. This represents what Flyxion calls
842780	847960	the lamferdine flow velocity. Lamferdine flow. Let's translate that for our listeners. Lamferdine
847960	854460	isn't exactly a word you hear every day. No, it's not. It essentially means smooth laminar directed
854460	860780	flow. It is not chaotic turbulence. It is directed transport. Like a steady current. Exactly. It is
860780	865760	the active movement, the directed inference, or the agency pushing through the medium. It's the current
865760	871440	in the river. Got it. Phi is the water. V is the current. What's the third? Third, you have the entropy
871440	878040	density, denoted by S. This represents thermodynamic disorder, configurational entropy, or the
878040	882620	representational budget of the system. Okay. Entropy is a big concept. Think of it as the
882620	887420	chaos, the friction, or the contradiction that the system is trying to process. So we have
887420	894000	phi, the stuff. We have V, the directed movement of the stuff. And S, the chaotic friction or entropy
894000	897920	interacting with the system. That's the trio. And the paper lays out a section called the
897920	902700	axioms for a falling universe based on how these three fields interact. The medium acts
902700	907140	like a compressible fluid. But this leads to a claim that fundamentally breaks how I understood
907140	913260	high school physics. Flyxion claims gravity isn't a real force. Yes. This brings us to a
913260	920180	radical reinterpretation of gravity. In the RSVP framework, gravity isn't a primary fundamental
920180	924800	pull that objects exert on each other, like Newton taught us. Right, the apple falling on the head.
924800	931220	Exactly. Not that. It is what Flyxion calls entropic descent. Entropic descent. How does that
931220	937720	work? The dynamic cascade in this fluid reality flows in the very specific direction. External
937720	944040	contradiction, or entropy, which is S, is injected into the system. Okay. This creates an entropy
944040	950840	gradient. Think of it as a slope from high disorder to low disorder. That gradient drives the vector flow,
950840	956060	the V. So the river flows down the mountain of entropy. Beautifully put. And that becker flow,
956180	960660	in turn, transports and accumulates the scalar mass, the phi. Hang on. I need to make sure I'm
960660	964460	hearing you correctly. You're saying gravity. The thing holding me in this chair right now,
964580	969280	the thing keeping the earth orbiting the sun, doesn't exist as a fundamental pull. That's what
969280	973300	the math suggests. It's just a mathematical draft, like wind in a tunnel caused by the universe
973300	980580	trying to resolve chaos. That is exactly what the RSVP theory proposes. The force you feel is gravity
980580	987220	is constitutively identified with the entropic descent of these flow trajectories. Wow. A test
987220	992900	particle, say an apple falling from a tree, is not being pulled by the mass of the earth. It is
992900	998960	literally being pushed by the entropy gradient along the Lamfordine flow. Pushed by entropy? Right. The mass of
998960	1005480	the earth is just a dense accumulation of phi that shapes that local entropy gradient. You are falling
1005480	1010200	down a thermodynamic slope. Okay. That sounds beautifully poetic, but does that actually hold
1010200	1014100	up mathematically against what we already know? It really does. Because we have Einstein's general
1014100	1020180	relativity. It works. GPS works because of it. If Flyxion says gravity is just fluid thermodynamics,
1020660	1024720	does it break Einstein? This is where the physics community would likely sit up and pay attention
1024720	1030080	because it doesn't break Einstein. It derives him. It derives him. That is the beauty of the math
1030080	1036680	in the paper. If you take the RSVP field equations and you push them to what's called their quasi-static
1036680	1042000	limit. Meaning what, like taking a snapshot where things are barely moving? Exactly. You assume the
1042000	1047680	vector flow is extremely slow, barely changing. If you analyze the equations under that constraint,
1047940	1052940	they reduce exactly to Eric Verlinde's theory of entropic gravity. Oh, I've heard of that. Yeah.
1052940	1058520	Verlinde proposed a few years ago that gravity is an emergent thermodynamic phenomenon where force
1058520	1064900	equals temperature times the gradient of entropy. Flyxion's RSVP equations yield Verlinde's theory
1064900	1070680	perfectly. That's wild, but it goes further than Verlinde, doesn't it? Much further. If you take
1070680	1076400	the RSVP equations to the stiff limit where the medium strongly resists expansion or compression
1076400	1082580	and you apply the flow congruence across a local Rindler horizon. Okay, time out. A Rindler horizon
1082580	1087660	for our listeners who aren't quantum physicists, that's basically an artificial boundary of what
1087660	1091640	an accelerating observer can see, right? Correct. Like if I'm in a rocket ship accelerating near
1091640	1096380	the speed of light, there's a horizon behind me where light can never catch up to me. Exactly.
1096540	1102860	It's a localized boundary of observability created by acceleration. If you map the RSVP fluid flow
1102860	1109140	across that thermodynamic boundary, it perfectly recovers Ted Jacobson's famous 1995 derivation.
1109140	1114800	And what did Jacobson show? He showed that you could derive the Einstein field equations of general
1114800	1120460	relativity purely from thermodynamics. So Einstein's equations, the geometry of curving
1120460	1127580	spacetime, are completely hidden inside Flyxion's fluid dynamics. Correct. It unifies the thermodynamic
1127580	1135360	and geometric views of gravity into a single fluid dynamic medium. RSVP is essentially the parent equation.
1135360	1140480	And Einstein is just a special case. Einstein's relativity is just what happens when you run that
1140480	1146820	parent equation under specific stiff observable conditions. That is massive. If everything is this
1146820	1153340	fluid driven by entropy, how does that explain LAP1b? Well, let's look at it. Because in the standard
1153340	1159220	model of cosmology, the lambda-cold dark matter model galaxies form through a bottom-up random hierarchical
1159220	1164400	merging. Little clumps of dark matter smashed together, they get bigger, their gravity draws in gas,
1164400	1170000	that gas makes stars. It's a messy, chaotic collision course. Right. But LAP1b doesn't really fit that.
1170080	1177300	It's too isolated, too pristine, too unstirred. Under the RSVP framework, LAP1b's formation isn't a random
1177300	1185560	collision at all. It is described by a process called SIED, scalar eruption via entropic differential.
1186120	1190820	Scalar eruption? That sounds like a rash. I know. It's a very technical term. Think of it more like
1190820	1196320	condensation. Condensation. Okay. Instead of random clumps smashing together, structure forms via
1196320	1203600	regulated instability. Imagine the scalar field, the phi, as a perfectly smooth, flat surface of a pond.
1203780	1208640	Got the visual. As entropy accumulates in the environment, it changes the local free energy
1208640	1214260	landscape. At a certain threshold, the smooth background becomes thermodynamically unstable,
1214260	1219840	and structure suddenly erupts or pops into existence. Like water droplets forming. Exactly.
1220020	1225120	Like condensation suddenly forming on a cold glass on a humid day. The condensation doesn't just form
1225120	1230600	one giant drop. It forms specific little droplets of a certain size. Which is exactly what the math
1230600	1236120	predicts. The instability in the RSVP equations is band limited. There is a specific mathematical
1236120	1241580	correlation length determined by the gradient of the free energy. So there's a Goldilocks zone for size?
1241580	1248760	Right. Below that scale, growth is too slow to matter. Above that scale, growth is actively suppressed
1248760	1255700	by the mathematics. Therefore, structure naturally erupts at this preferred mathematically pure spatial
1255700	1262300	scale. So LAP-1b isn't a random survivor of a chaotic collision process. It didn't merge into existence.
1262560	1268020	No. It is an isolated mode that erupted, condensed out of the background, right at its natural correlation
1268020	1269540	length. And because it was so isolated.
1269540	1275260	It condensed before the surrounding medium had undergone enough entropic processing to stir it
1275260	1279500	up and overwrite it. It's a mathematically pure condensation of early reality.
1279500	1286240	Okay, let's take a breath. Because if RSVP accurately derives Einstein's gravity from entropy and beautifully
1286240	1292560	models early galaxy formation as condensation, that alone is a Nobel-level physics breakthrough.
1292720	1293240	Undoubtedly.
1293240	1298240	But this is where Flyxion leaves the realm of pure astrophysics and ventures into something that feels
1298240	1303820	almost dangerous. The monographs claim that contemporary physics, cognitive science, and social
1303820	1306240	theory share a structural disability.
1306580	1308100	Those are strong words in the paper.
1308480	1314680	They really are. They accuse modern science of keeping identical mathematical motifs quarantined from
1314680	1317200	each other, treating them as mere analogies.
1317200	1321920	Yes. This is where Flyxion introduces the ontological translation matrix.
1321920	1322920	The translation matrix?
1322920	1330000	The core argument is that cosmological expansion, cognitive inference in your brain, and institutional
1330000	1332920	drift in a government are not just similar concepts.
1332920	1333920	Just identical.
1333920	1338920	They are identical mathematical processes operating on the exact same RSVP substrate.
1338920	1344980	See, I have to push back here. Are we really saying a galaxy, a human brain, and a government
1344980	1348780	bureaucracy are the same thing? Because that sounds like a giant metaphor.
1349060	1350000	It does sound like one.
1350040	1354100	It sounds like a poet looked at a picture of a neural network and a picture of a galaxy
1354100	1357860	supercluster and said, look, they both look like webs. They must be the same.
1357860	1364480	It is a totally valid skepticism, but Flyxion anticipates it. The author is explicit. It is decidedly
1364480	1372000	not an analogy. Not an analogy. Not an analogy. The relativistic scalar vector plenum is the
1372000	1377680	underlying mathematical substrate for all of them. The coupled partial differential equations
1377680	1383280	governing the scalar, vector, and entropy fields are mathematically identical at the two derivative
1383280	1385120	order across all these domains.
1385120	1387920	So the equations literally do not change.
1387920	1393280	The math is exactly the same. The only thing that changes is the ontological translation, how
1393280	1399040	the variables phi, v, s map to our specific domain of observational reality.
1399040	1401680	Okay, let's test this translation motrix. Let's take the brain.
1401680	1402080	Right.
1402080	1407440	How do phi, the stuff, v, the flow, and s, the friction, map onto my mind?
1407440	1413360	In the cognitive domain, which Flix designates as p-semantic, the translation is fascinating.
1413360	1418240	The scalar potential, phi, translates meaning density or compressed representation.
1418240	1419120	Meaning density.
1419120	1424240	It is the accumulated coherence of your mental models, the facts you know, the concepts you
1424240	1426880	understand, the stable structures of your worldview.
1426880	1428400	Okay, so the mass of my knowledge.
1428400	1432400	Yes. The vector flow, v, becomes directed inference. This is your sense of agency.
1432400	1433040	Oh, the agency.
1433040	1438480	It's the active transport of your attention and effort. It is your conscious drive moving
1438480	1439760	through your mental landscape.
1439760	1441040	And what about s?
1441040	1447440	Entropy density, s, translates to your representational budget. This is the uncertainty, the surprise,
1447440	1451840	or the contradiction in your environment that your brain is desperately trying to resolve.
1451840	1457120	Wait, wait. So my sense of agency, my actual willpower, the feeling of me deciding to focus
1457120	1462720	on a problem, is mathematically identical to gravity pushing an apple down a hill.
1462720	1464960	That is exactly what the translation implies.
1464960	1470000	It's just the vector flow trying to resolve an entropy gradient in my neural architecture.
1470000	1474160	Precisely. Your agency is the lamfridine flow of the cognitive fluid.
1474160	1478720	The paper formalizes this through what it calls the CLIO projection,
1478720	1480880	the constrained learning and inference optimizer.
1480880	1481920	CLIO.
1481920	1486880	It states that the brain operates via gradient flow to minimize a specific loss functional.
1486880	1489760	And this is where Flyxion ties into established neuroscience.
1490320	1493760	Theorem 5.4 in the text provides a rigorous mathematical proof
1493760	1499920	that the RSVP loss functional is perfectly dual to Carl Fristen's variational free energy.
1499920	1502800	Carl Fristen's free energy principle.
1502800	1505040	Okay, this is a huge deal in neuroscience.
1505040	1506000	It's foundational.
1506000	1511200	For those who aren't familiar, Fristen's theory basically argues that all biological systems,
1511200	1516480	especially human brains, are fundamentally driven to minimize surprise,
1516480	1524080	to make their internal models of the world perfectly match the unpredictable, chaotic, outside world.
1524080	1529520	Yes. Let me give an example of how Fristen's principle works and how it maps to RSVP.
1529520	1530640	Please do.
1530640	1534560	Imagine waking up in the middle of the night in a totally dark hotel room.
1535360	1537520	Your brain has a model of your bedroom at home,
1537520	1542160	but the sensory input you are receiving, the spatial layout, does not match.
1542160	1545200	You expect your nightstand to be on the left, but it's not.
1545200	1550640	Right. That mismatches entropy. It is surprise. It is a high state of variational free energy.
1550640	1552960	And it feels stressful. You're totally disoriented.
1552960	1555600	Exactly. The entropy gradient is steep.
1555600	1559760	According to Fristen, you have two ways to resolve this and minimize the free energy.
1559760	1562480	You can change your internal model to match the world.
1562480	1567120	You grope around, feel the unfamiliar nightstand, and realize, ah, I'm in a hotel.
1567120	1572880	Or you can change the world to match your model. You find the light switch, turn it on, and force
1572880	1578480	the environment to become predictable. Both are actions driven to reduce surprise.
1578480	1583680	And Flyxion is saying that entire process, that desperate drive to minimize surprise,
1583680	1586960	is just the RSVP equation playing out in meat?
1586960	1593120	Flyxion shows that Fristen's principle is just a localized manifestation of the RSVP equations
1593120	1595520	operating on the finite manifold of your skull.
1595520	1600640	Wow. The human brain is literally a physical manifestation of entropy gradient descent.
1601200	1605760	When you grope around in the dark for that light switch, your directed inference, the V,
1605760	1611040	is flowing down the gradient of uncertainty, the S to build a stable map of meeting the phi.
1611040	1613520	So I am practically a falling universe.
1613520	1617440	You are just like a falling universe. Your cognitive architecture is mathematically identical to one.
1617440	1620560	That is deeply unsettling, but incredibly elegant.
1620560	1624000	Okay. That covers the cosmos and the mind, the macro and the micro.
1624000	1625840	But what about human society?
1625840	1627120	Society's work is very practical.
1627120	1633920	What about the DMV or a massive corporation? The translation matrix tackles institutions too.
1633920	1639360	The paper calls this the sphere pop calculus. Let's map the variables again, this time to the
1639360	1644800	institutional domain. In the institutional domain, designated P institution, the translation
1644800	1651360	shifts again. The scalar field phi becomes the institutional core or mass. The mass of the institution.
1651360	1656880	It is the accumulated resources, the physical buildings, the rule books, the solid unmoving
1656880	1658800	instructions of the organization. Makes sense.
1658800	1665360	The vector field V translates to institutional drive or trajectory. What is the organization
1665360	1670480	actively trying to achieve? Their mission statement, basically. Right. And the entropy field,
1670480	1677280	S, is institutional friction. The disorder, the market forces, the external chaos pushing against the
1677280	1682080	boundaries of the institution. And the paper models institutions as thermodynamic spheres,
1682080	1686960	thus sphere pop mechanics. Yes. Think of an institution, whether it's a small startup,
1686960	1692640	a university, or a nation state, as a bounded sphere of scalar coherence, trying its best to resist the
1692640	1698160	ambient entropy of the world. Trying not to fall apart. Exactly. And Flyxion details a fascinating
1698160	1703840	specific mechanic regarding how these spheres interact, particularly when they try to merge. Mergers and
1703840	1709360	acquisitions, but explained through physics. Exactly. Think about when two massive companies
1709360	1716400	try to merge. According to Sphere Pop Calculus, they only successfully integrate if the thermodynamic
1716400	1722880	pressure, the external entropy, the market forces demanding efficiency, overcomes a specific internal
1722880	1730400	metric that Flyxion terms ritual resistance, denoted as R sub T. Ritual resistance. I absolutely love that
1730400	1735440	term. So ritual acts as a hardening agent for the boundary of the institutional sphere.
1736000	1740080	How does that work mechanically? Think of ritual resistance like surface tension on a droplet
1740080	1745120	of water, but for bureaucracy. Surface tension for bureaucracy. The paper mathematically shows that
1745120	1750480	ritual resistance grows logarithmically to counter entropy. Every meeting that could have been an email,
1750480	1755120	every bureaucratic form that must be filed in triplicate, every traditional corporate retreat,
1755120	1760880	every arbitrary approval process. These are rituals. The things everyone hates doing. Yes, they are
1760880	1768240	nonproductive actions that cost energy to perform. But that energy isn't wasted. It hardens the boundary
1768240	1773840	of the institutional sphere. So it serves a purpose. It creates surface tension that prevents the internal
1773840	1781120	configuration, the Phi, from being easily overwritten by external chaos. It's basically an institutional
1781120	1786960	immune system. It keeps the outside world from messing up the inside rules. But I imagine it also prevents
1786960	1792160	the institution from changing. Yes, it absolutely does. So let's look at a real-world example through
1792160	1800160	this lens. Take the infamous AOL-Time Warner merger in the early 2000s. Ah, a classic disaster. Often cited as
1800160	1806560	one of the worst corporate integrations in history. The external market forces, the thermodynamic pressure,
1806560	1810880	dictated that they should merge. Yeah, the internet was booming. Media was changing. Right. It made
1810880	1815600	absolute financial sense to combine the spheres. But the internal cultures were wildly different.
1815600	1821680	AOL was this fast-moving, aggressive internet company, and Time Warner was a traditional slow-moving
1821680	1828720	legacy media conglomerate. Exactly. Their internal rituals, their specific ways of operating,
1828720	1835520	communicating, and approving decisions, were deeply entrenched. Their ritual resistance was massive.
1835520	1840400	So they were like two hard marbles. So when they tried to push the two spheres together,
1840400	1845680	the thermodynamic pressure of the market couldn't overcome the boundary hardened by that surface tension.
1845680	1850640	They just couldn't break through. The equations of sphere pop calculus show that if the gradient
1850640	1855440	of the external entropy field cannot overcome the internal scalar boundary constraint,
1856080	1861520	the variables simply do not integrate. The merger failed. The spheres literally bounced off
1861520	1865840	each other instead of combining. And they shed massive amounts of energy. In this case, billions
1865840	1871280	of dollars in the process. Because the math is the same. The RSVP equations don't care if it's two
1871280	1876880	droplets of water failing to mix due to surface tension, two galaxies failing to merge their dark
1876880	1883120	matter halos, or two multinational corporations failing to merge because their HR departments hate each
1883120	1888080	other. It's the same failure of thermodynamic integration. It is identically the same physics.
1889200	1893840	Okay, this brings us to what I think is the most profound part of the monographs. Whether it's a
1893840	1899520	supernova throwing out carbon but holding on to oxygen, or a brain forming a new memory to reduce
1899520	1906400	surprise, or an institution hardening its rituals to survive a market crash. These systems all step forward
1906400	1912400	in time, and they never step backward. You can't unring a bell, you can't unexplode a star, you can't
1912400	1918960	unmerge a company. We all intuitively accept that time flows in one direction, but why? That is the
1918960	1924800	deepest, most persistent question in physics. Why is there an arrow of time if the fundamental equations
1924800	1929760	of quantum mechanics are time-reversible? Because they are reversible, right, at the micro level. Yes.
1929760	1935920	The RSVP plenum tackles this head-on. And Flyxion proves the arrow of time mathematically through a
1935920	1940800	concept called the adjunction defect. The adjunction defect. This is where we prove why time only
1940800	1945920	moved forward. Let's dig into this. To do this, Flyxion introduces what category theorists call
1945920	1952880	a variational adjunction. It is a relationship between two spaces. The continuous fluid reality
1952880	1958800	of the RSVP fields, which is the whole truth, and the discrete observable history space, which are the
1958800	1963840	measurable events. The fluid versus the snapshots. To move between these two, Flyxion defines two
1963840	1970160	mathematical operators. First, the discretization functor, which we'll call F. Second, the reconstruction
1970160	1975200	operator, which we'll call G. Let's ground this so we don't get lost in the math. Take us back to LAP
1975200	1981040	1B and that faint population third supernova. The star explodes, the oxygen falls back into the black
1981040	1987840	hole, the carbon escapes. Flyxion categorizes this specific, irreversible moment as a refuse event.
1987840	1994000	Yes. A refuse event is a critical operator in this framework. Imagine two completely different
1994000	1999120	continuous trajectories in the fluid of reality. Two different stars, maybe with slightly different
1999120	2004720	internal densities, but they arrive at the exact same instantaneous state at time t0. So if you pause
2004720	2009920	the universe right now, they look identical. They look identical. But because of a hidden historical
2009920	2016000	constraint, a difference in how they got to that state 1 trajectory has its forward continuation
2016000	2021680	dynamically blocked. Look like oxygen falling back. Exactly. The oxygen is sucked back in. It is
2021680	2028960	refused entry into the future state space. So even if two things look absolutely identical in the
2028960	2034720	present moment, their admissible futures can be entirely different based purely on their hidden
2034720	2041520	history. Exactly. The paper states identity is history. It proves that any state-based observation
2041520	2046640	looking at the system only as it is right now, without access to its entire past trajectory,
2046640	2051600	is fundamentally flawed. Because you're missing the whole picture. The discretization functor,
2051600	2057280	f, is the mathematical process of taking that continuous, infinitely complex historical reality
2057280	2062800	and projecting it into a finite, discrete set of measurable features. It's taking the messy continuum
2062800	2067440	and forcing it into clean data points. That's precisely what it does. Let me try a technological
2067440	2074080	analogy here to explain f and g. Imagine I have a massive, uncompressed, ultra-high-resolution,
2074080	2081600	raw photograph file. It has billions of colors, infinite light data. That is the continuous reality.
2081600	2085440	Okay, I see where you're going. But I need to email it to you, and the file is too big.
2086000	2092320	So I apply the discretization map, f, I compress it into a low-quality jpeg, I throw away millions of
2092320	2097920	pixels, I average out the colors, I discretize the data to fit the constraint of the email attachment.
2097920	2103200	A perfect parallel for what observation does to physical reality. And then you receive the jpeg,
2103200	2109680	and you have a super-advanced AI, the reconstruction operator, G. You ask the AI to look at that low-quality
2109680	2115040	jpeg, and guess what the original raw file looked like? To upscale it back to reality. Which AIs are
2115040	2120560	getting very good at. Right. The AI can make a mathematically brilliant guess based on the data it has,
2120560	2125760	optimizing its loss function perfectly. It can generate a beautiful high-res image. But no
2125760	2131280	matter how good the AI is, it can never ever recreate the exact original raw file. The lost
2131280	2136400	pixel data is forever gone. That is an exceptionally precise mechanical analogy
2136400	2143440	for theorem 5.5.2 in the monographs. The process of taking the continuous reality, compressing it into
2143440	2149440	observable events with F, and then attempting to reconstruct the reality with G, creates an ontological loop.
2149440	2154640	An ontological loop. Flyxion defines this loop as the comparison map, denoted by the Greek letter
2154640	2162160	eta. The comparison map is simply the reconstruction G applied to the discretization F. Now, if no
2162160	2167040	information was ever lost, the comparison map would just be a perfect identity map. You get out exactly
2167040	2171440	what you put in. Like unzipping a file and getting the exact original back. Right. But the math proves
2171440	2176880	that's impossible. The paper has a no-go theorem. And what does that state? The no-go theorem proves that
2176880	2182480	perfect reconstruction is structurally impossible. For any finite feature map acting on an infinite
2182480	2189040	dimensional configuration space, the discretization map F is what mathematicians call non-injective.
2189040	2193600	Meaning multiple different inputs mapped to the same output. Right. Multiple different starting
2193600	2198480	realities can result in the exact same compressed JPEG. Multiple different histories can result in the
2198480	2204320	exact same present state. So when the AI or the reconstruction operator G tries to recreate the
2204320	2210720	past, it encounters a fundamental ambiguity. It has to pick a single canonical representative
2210720	2217680	out of many possibilities. It is forced to guess. And the mathematical difference between the true
2217680	2223680	original continuous reality and the reconstructed guess is called the reconstruction defect or delta.
2223680	2230000	The adjunction defect. The adjunction defect. Wow. Yes. And here is the monumental paradigm
2230000	2235920	shifting conclusion affliction's work. Irreversibility, the fact that time only moves forward,
2235920	2241200	is not just a phenomenological gloss. It's not just how we feel it. We don't just experience time
2241200	2245440	moving forward because our brains are wired that way or because it feels like it. Time moves forward
2245440	2249920	strictly because of the structural geometric theorem about the non-invertibility reconstruction. So it's
2249920	2255760	built into the math. Yeah. Every single time reality moves from a continuous fluid field
2255760	2261120	into a discrete observable event, whether that's a refuse event in a collapsing star,
2261120	2268080	a measurement in a quantum lab, or a memory forming in your hippocampus, infinite information is squeezed
2268080	2273680	into the null space, the mathematical kernel of the discretization map. It falls out of observable
2273680	2278960	reality forever. And the shadow of that lost information is what we call entropy. I just need a second to
2278960	2284320	process that. Entropy isn't just random heat or chaotic jiggling of atoms. Fleck Shannon measures
2284320	2289440	this informational loss mathematically using something called the Jensen-Shannon divergence,
2289440	2294880	which basically calculates the distance between two probability distributions, the true reality and
2294880	2301360	the compressed data. Okay. Entropy is the precise measure theoretic shadow of the irreversible loss that
2301360	2308160	occurs when continuous reality is forced through discrete constraints. Reality is constantly agonizingly
2308160	2313200	shedding its own history into the defect space. And that continuous shedding is the forward arrow of
2313200	2319040	time. Time isn't a dimension we travel through. Time is just the exhaust of reality compressing itself
2319040	2325280	into observable moments. It is the exhaust of discretization. Yes. So we have this massive,
2325280	2331760	elegant mathematical engine. It's constantly flowing, driven by the thermodynamic friction of entropy.
2331760	2338240	It's accumulating mass and meaning, flowing down gradients, shedding history into the defect space to
2338240	2344720	create the forward march of time. And dictating the specific shapes of early galaxies, human minds,
2344720	2349920	and corporate bureaucracies. Right. But what happens when the engine stalls? What happens when the flow
2349920	2356560	stops? That brings us to the final and perhaps most terrifying section of the monographs. Theorem 6.5,
2356560	2363040	the universal death state. The unified failure modes of reality. The engine of reality requires a
2363040	2368640	constant injection of external contradiction, of entropy to keep the vector flow moving. The river
2368640	2374000	only flows if there is a mountain. Flyxion analyzes what happens mathematically in the Lamferdine regime
2374000	2379440	if that nigentropy injection halts. Without that driving thermodynamic differential, both the scalar
2379440	2385520	gradients, the differences in density, and the vector gradients, the flow velocity decay exponentially to zero.
2385520	2391840	The mathematical landscape completely flattens out. The river becomes a stagnant pond. And because the RSVP
2391840	2397360	equations uniquely map to all domains of existence, this gradient flattening creates characteristic
2397360	2403680	perfectly unified failure modes across cosmology, cognition, and human society. The three apocalypses.
2403680	2410160	Let's walk through them, starting with the biggest scale, cosmology. In the cosmological domain, Pcosmo,
2410160	2415600	the mathematical failure mode, is the cosmic heat death. As entropy saturates the entire system and
2415600	2421600	all energy gradients flatten out, the universe loses all structural coherence. So no more condensation,
2421600	2428560	no more stars erupting. It fades into a desaturated volumetric point cloud. Just a homogenous, lukewarm,
2428560	2435280	infinite soup of maximal entropy and absolutely zero Lamferdine flow. Okay, that is bleak, but it aligns with
2435280	2439440	standard physics. We've known about the heat death of the universe for a while. Right, that's not new.
2439440	2445360	But here is where Flyxion's translation matrix makes a massive leap. Let's translate that exact same
2445360	2451600	mathematical flattening to biology. To the brain. In the cognitive domain P-semantic, we have to look at
2451600	2459680	the flow vector, V. Remember, in the mind, V translates to directed inference, or human agency. Right, or willpower.
2459680	2465840	If the scalar gradients of meaning vanish, meaning grad phi goes to zero, the flow becomes decoupled.
2465840	2471280	Without an active flow reward, without a gradient pulling you toward resolving surprise,
2471280	2477120	your cognitive agency simply collapses. The mind falls into a stagnant entropic equilibrium.
2477120	2484080	The paper explicitly calls it a CLIO dead end. A CLIO dead end. What does that look like in a person?
2484080	2490400	It is the exact mathematical definition of clinical brain deadness, or in a less absolute psychological
2490400	2496560	sense, severe catatonic depression. The landscape of meaning has flattened. There is no gradient
2496560	2502560	pulling your attention. No desire pushing your effort forward. Agency stops. Wait, but human agency is
2502560	2509440	biological. It's driven by ATP, neurotransmitters, dopamine, neurons firing. How can Flyxion mathematically
2509440	2514400	equate clinical depression in a biological organism with the literal thermodynamic heat death of the
2514400	2519680	universe? Isn't that a step too far? It sounds like an overreach until you remember the Friston duality.
2519680	2524960	The biology, the ATP, the dopamine are just the physical substrate performing the computation of
2524960	2530640	free energy minimization. They are just the water and the river. Exactly. The RSVP equations describe
2530640	2536000	the geometry of the riverbed. When the landscape of meaning flattens, the dopamine stops flowing
2536000	2541760	because there is no computational gradient to reward. The mathematical apocalypse precedes the
2541760	2548080	biological one. No cosmic stars forming. No cognitive thoughts forming. It's the same zero. And
2548080	2554640	finally, society. The institutional domain. When the societal gradients flatten. In P institution,
2554640	2560320	the vector flow represents institutional drive. And the curl of that flow, how it twists and interacts,
2560320	2565920	represents vorticity. Vorticity, like a whirlpool. Vorticity is the active circulation of resources,
2565920	2571600	ideas, and capital. When the societal gradients decay, vorticity halts completely. Sphere pop
2571600	2576880	circulation stops. Institutional rigidity. Literally frozen rigidity. Without the thermodynamic
2576880	2580800	pressure of active flow to overcome boundaries, the institutions become completely trapped in their
2580800	2585760	own ritual resistance. The surface tension wins out completely. They can never merge. They can never
2585760	2592080	adapt to new realities. They simply exist as static, heavily armored spheres of pure bureaucracy,
2592080	2597760	consuming energy just to maintain their own surface tension, accomplishing absolutely nothing.
2597760	2604400	So, a stagnant, impossible-to-navigate DMV bureaucracy where you wait four hours to get a stamp,
2604400	2609920	a profoundly depressed human mind completely lacking the agency to get out of bed, and the literal
2610480	2616800	eventual heat death of the cosmos are literally the exact same mathematical equation solving to zero.
2616800	2624000	Yes. They are identically the same. It is the profound structural alignment of the failure of the RSVP
2624000	2629360	plenum. When the gradients vanish, reality stops flowing. Whether that reality is made of curved
2629360	2634400	space-time, biological synapses, or social contracts, the apocalypse looks mathematically exactly the
2634400	2640000	same. The engine stalls. Let's pull all of this together. We started with a tiny, incredibly faint cosmic
2640000	2646080	fossil, LAP1B, a primordial galaxy so isolated it hasn't been chemically overwritten by the turbulent
2646080	2651840	history of the universe. Acting as an undisrupted event log in matter. Right. Showing us how specific
2651840	2657040	elements were refused the right to propagate into the future. And we learned we could only even perceive
2657040	2664560	it because of mediated extraction. A massive gravitational lens acting as a mandatory amplifier for the most
2664560	2670640	primitive, invisible truths. Which led us to uncover the RSVP plenum, the universal master engine where
2670640	2676080	entropy gradients mathematically drive vector flows to accumulate scalar mass. A singular engine that
2676080	2682000	accurately derives Einstein's gravity, Carl Fristen's cognitive learning, and corporate acquisitions
2682000	2688800	through the exact same continuous fluid dynamics. We saw how the forward march of time itself is not an
2688800	2694480	illusion, but a structural exhaust cast by the adjunction defect. The mathematical proof that
2694480	2700800	whenever continuous fluid reality is discretized into an event, a measurement, or an observation,
2700800	2705920	infinite history is irreversibly lost to the mathematical kernel. And we stared directly into
2705920	2710480	the abyss of the universal death state, where the flattening of those gradients results in the heat
2710480	2716640	death of space, the collapse of human willpower, and the frozen impenetrable rigidity of our institutions.
2716640	2722880	It is a breathtakingly elegant, albeit incredibly deterministic view of our existence. It really
2722880	2727440	redefines how we see ourselves in the universe. And the most important part is that it connects
2727440	2732960	directly to you listening to this right now. Think about the adjunction defect in your daily life.
2732960	2739680	Every single time you try to summarize a complicated, nuanced, hour-long meeting for a co-worker in a
2739680	2746080	two-sentence email. You're losing data. Every time you compress a vast, emotionally complex relationship
2746080	2751600	into a simple memory of a breakup. Or even right now, as you try to learn and synthesize these massive
2751600	2757760	physics concepts from this deep dive, you are performing a discretization. You are inherently shedding
2757760	2763280	information into the defect space. You are a constraint-driven system, throwing away the continuous,
2763280	2769040	infinite, raw file of your conscious reality just to store the low-res JPEG so your brain can process it.
2769040	2774320	Flyxion's monographs suggest a final profound takeaway. Intelligence itself is not about
2774320	2778720	perfectly preserving information. That is what a fossil like LAP-1B does.
2778720	2781520	A fossil is perfectly preserved, yes, but it is dead.
2781520	2787840	It is trapped in the dark with zero agency. True intelligence, according to the physics of the plenum,
2787840	2790960	is syntropic throughput. Syntropic throughput.
2790960	2797520	It is the ability to maintain the flow, to ride the steep entropy gradients of a chaotic world without
2797520	2803520	getting frozen by them. It is entirely about how gracefully you manage your own continuous,
2803520	2808320	unavoidable loss of information. So as you go about your week, ask yourself,
2808320	2814080	are your mental models acting as least overwritten systems, remaining flexible, allowing new,
2814080	2819520	surprising data to flow in and reshape your landscape? Or are you building up an impenetrable
2819520	2824880	layer of ritual resistance? Clinging to old habits, rigid assumptions, and bureaucratic ways of
2824880	2829040	thinking that will eventually flatten your gradients and freeze your own internal universe.
2829040	2832560	You don't want to end up like a stalled galaxy, forever trapped in the dark.
2832560	2844080	Keep your telescope pointed outward. Keep the vector flowing.
